{
  "visual": {
    "name": "sankey8level",
    "displayName": "Sankey Diagram (up to 8 levels)",
    "guid": "sankey8level-visual-001",
    "visualClassName": "Visual",
    "version": "1.0.0",
    "description": "Custom visual for Sankey with up to 8 levels and row-column input layout.",
    "supportUrl": "https://example.com",
    "gitHubUrl": ""
  },
  "apiVersion": "5.2.0",
  "author": {
    "name": "Generated by M365 Copilot",
    "email": ""
  },
  "assets": {
    "icon": "assets/icon.png"
  },
  "style": "style/visual.less",
  "capabilities": "capabilities.json",
  "externalJS": [],
  "dependencies": null,
  "content": {
    "js": "dist/visual.js",
    "css": "dist/visual.css"
  }
}